"0","##The sample info is in the ""file"" column. Let's simplify it to just the sample name"
"0","file_path<-""/work/m/mcmindsr/outputs/Metagenomics_workshop_USF/full/04_kaiju_reads/"""
"0","file_ext<-""_kaiju_taxonomy.out"""
"0",""
"0","df_species$file<-gsub(file_path,"""",df_species$file,fixed=T)"
"0","df_species$file<-gsub(file_ext,"""",df_species$file,fixed=T)"
"0",""
"0","##Change file to ""Sample"" to match the meta data"
"0","colnames(df_species)[1]<-""Sample"""
"0",""
"0","##Convert the count data to matrix format"
"0","df_counts<-df_species %>% pivot_wider(id_cols=Sample,names_from=taxon_name,values_from=reads)"
"0","df_counts<-df_counts %>% replace(is.na(.),0)"
"0","##Need to replace ""missing"" values with zero"
"0","m_counts<-as.matrix(df_counts[,2:ncol(df_counts)])"
"0","rownames(m_counts)<-df_counts$Sample"
"0",""
"0","##Create a taxonomy table from the columns in m_counts"
"0","df_taxa<-as_tibble(colnames(m_counts))"
"0","##Remove duplicated taxa"
"0","df_taxa<-df_taxa %>% separate(value,sep=""[;]"","
"0","                                  into=c(""Domain"",""Kingdom"",""Phylum"","
"0","                                         ""Class"",""Order"","
"0","                                         ""Family"",""Genus"","
"0","                                         ""Species""),"
"0","                                  remove=T)"
"2","Expected 8 pieces. Additional pieces discarded in 2981 rows [1, 2, 3, 4, 5, 6, 7, 8, 9, 10, 11, 12, 13, 14, 15, 16, 17, 18, 19, 20, ...]."
"2","Expected 8 pieces. Missing pieces filled with `NA` in 1873 rows [104, 117, 148, 212, 228, 243, 244, 259, 285, 298, 350, 369, 370, 396, 419, 533, 541, 581, 601, 614, ...]."
"0","##Convert taxa table to a matrix so we can use it to create a phyloseq object"
"0","m_taxa<-as.matrix(df_taxa)"
"0","rownames(m_taxa)<-colnames(m_counts)"
