"0","tab_shannon<-microbiome::diversity(pseq,index=""shannon"")"
"0","##Lets add the Shannon diversity to our meta data dataframe to plot the results"
"0","df_meta$Shannon<-unlist(tab_shannon)"
"0",""
"0","##Create a plot comparing diverity based on antibiotic exposure"
"0","plot_div<-ggviolin(df_meta,x=""Group"",y=""Shannon"",add=""boxplot"",fill=""Group"")"
"0",""
"0","##Add stats (Wilcoxon test)"
"0","comparisons<-list(c(""Early and subsequent abx"",""Early only abx"" ),"
"0","                  c(""Early and subsequent abx"",""Term""),"
"0","                  c(""Early only abx"",""Term""))"
"0",""
"0","plot_div<-plot_div+stat_compare_means(comparisons=comparisons,method=""wilcox.test"")"
"0","print(plot_div)"
