{"working_dir":null,"default_chunk_options":{"echo":true,"root.dir":"../"},"chunk_definitions":[{"row":3,"row_count":1,"visible":true,"expansion_state":0,"options":{"include":false,"engine":"r","label":"setup","warning":false,"message":false},"document_id":"4378E1B9","chunk_id":"csetup_chunk","chunk_label":"setup"},{"row":11,"row_count":1,"visible":true,"expansion_state":0,"options":{"include":false,"engine":"r","label":"setup2","warning":false,"message":false},"document_id":"4378E1B9","chunk_id":"cb367le4l6zww","chunk_label":"setup2"},{"row":21,"row_count":1,"visible":true,"expansion_state":0,"options":{"engine":"r","label":"load files"},"document_id":"4378E1B9","chunk_id":"cfmmrkej6i5kz","chunk_label":"load files"},{"row":55,"row_count":1,"visible":true,"expansion_state":0,"options":{"engine":"r","label":"munge"},"document_id":"4378E1B9","chunk_id":"ci9ulxkk6g9r9","chunk_label":"munge"},{"row":77,"row_count":1,"visible":true,"expansion_state":0,"options":{"engine":"r","label":"phyloseq-create"},"document_id":"4378E1B9","chunk_id":"cfjhqhxximml5","chunk_label":"phyloseq-create"},{"row":94,"row_count":1,"visible":true,"expansion_state":0,"options":{"engine":"r","label":"composition plot"},"document_id":"4378E1B9","chunk_id":"c46i9y7tjibyx","chunk_label":"composition plot"},{"row":111,"row_count":1,"visible":true,"expansion_state":0,"options":{"engine":"r","label":"alpha diversity"},"document_id":"4378E1B9","chunk_id":"clndtc8gw4s7x","chunk_label":"alpha diversity"},{"row":149,"row_count":1,"visible":true,"expansion_state":0,"options":{"engine":"r","label":"beta diversity"},"document_id":"4378E1B9","chunk_id":"c5pdo4opxzlbq","chunk_label":"beta diversity"},{"row":173,"row_count":1,"visible":true,"expansion_state":0,"options":{"engine":"r","label":"sample ordination"},"document_id":"4378E1B9","chunk_id":"ccwry9ks7m5al","chunk_label":"sample ordination"}],"doc_write_time":1627425038,"chunk_rendered_width":400}