"0","##First normalize the data"
"0","pseq.rel<-microbiome::transform(pseq,""compositional"")"
"0","pseq.rel.species<-aggregate_taxa(pseq.rel,level=""Species"")"
"0","##Remove rare species"
"0","pseq.species.rel.core<-core(pseq.rel.species,detection = 0.01,prevalence = 0.1)"
"0","pseq.species.rel.core<-subset_taxa(pseq.species.rel.core,Species !=""Unknown"")"
"0",""
"0","comp_plot<-plot_composition(pseq.species.rel.core,group_by=""Group"")+"
"0","  guides(fill=guide_legend(ncol=1))+"
"0","  labs(x = ""Samples"", y = ""Relative abundance"","
"0","       title = ""Relative abundance data"")"
"0","print(comp_plot)"
"0",""
