"0","##Result is sensitive to sample size. Recommended to subsample or bootstrap to"
"0","##avoid bias"
"0","##Rarefying data is inappropriate for differential abundance testing,"
"0","##but rarefying gives the best results when comparing sample similarity"
"0","##Calculate the divergences within the diet groups"
"0","pseq.rarefied<-rarefy_even_depth(pseq,rngseed=8675309,replace=F)"
"2","`set.seed(8675309)` was used to initialize repeatable random subsampling.
"
"2","Please record this for your records so others can reproduce.
"
"2","Try `set.seed(8675309); .Random.seed` for the full vector
"
"2","...
"
"2","3348OTUs were removed because they are no longer 
present in any sample after random subsampling

"
"2","...
"
"0","##Calculate beta diversity with respect to the median taxa"
"0","##profile for each group"
"0","b_early_and_sub<-as.numeric(divergence(x=subset_samples(pseq.rarefied,Group==""Early and subsequent abx""),"
"0","                               y=apply(abundances(subset_samples(pseq.rarefied,Group==""Early and subsequent abx"")),1,median),method=""bray""))"
"0",""
"0","b_early_only<-as.numeric(divergence(x=subset_samples(pseq.rarefied,Group==""Early only abx""),"
"0","                                    y=apply(abundances(subset_samples(pseq.rarefied,Group==""Early only abx"")),1,median),method=""bray""))"
"0",""
"0","b_term<-as.numeric(divergence(x=subset_samples(pseq.rarefied,Group==""Term""),"
"0","                              y=apply(abundances(subset_samples(pseq.rarefied,Group==""Term"")),1,median),method=""bray""))"
"0",""
"0","##Lets create a data frame of the beta diversity calculations to facilitate analyzing the results"
"0","df_beta_early_and_sub<-data.frame(Bray_Dist=b_early_and_sub,Group=""Early and subsequent abx"")"
"0","df_beta_early_only<-data.frame(Bray_Dist=b_early_only, Group=""Early only abx"")"
"0","df_beta_term<-data.frame(Bray_Dist=b_term,Group=""Term"")"
"0",""
"0","df_beta<-bind_rows(df_beta_early_and_sub,df_beta_early_only,df_beta_term)"
"0",""
"0","plot_beta<-ggviolin(df_beta,x=""Group"",y=""Bray_Dist"",add=""boxplot"",fill=""Group"")"
"0",""
"0","##Add stats (Wilcoxon test)"
"0","comparisons<-list(c(""Early and subsequent abx"",""Early only abx"" ),"
"0","                  c(""Early and subsequent abx"",""Term""),"
"0","                  c(""Early only abx"",""Term""))"
"0",""
"0","plot_beta<-plot_beta+stat_compare_means(comparisons=comparisons,method=""wilcox.test"")"
"0","print(plot_beta)"
