"0","##First make sure the data is in the order expected"
"0","m_counts<-m_counts[df_meta$Sample,]"
"0","rownames(df_meta)<-df_meta$Sample"
"0",""
"0","##Since this is a complicated dataset lets focus on the first time group for now"
"0","df_meta<-df_meta %>% filter(Time_Group==3)"
"0","m_counts<-m_counts[which(rownames(m_counts) %in% df_meta$Sample),]"
"0","all(rownames(m_counts)==df_meta$Sample)"
"1","[1]"
"1"," TRUE"
"1","
"
"0","##We shouldn't have to sort the taxa, but we will check it to be safe"
"0","all(colnames(m_counts)==rownames(m_taxa))"
"1","[1]"
"1"," TRUE"
"1","
"
"0","pseq<-phyloseq(otu_table(m_counts,taxa_are_rows = F),"
"0","               tax_table(m_taxa),"
"0","               sample_data(df_meta))"
"0",""
"0","View(otu_table(pseq))"
"0","View(microbiome::meta(pseq))"
"0","View(tax_table(pseq))"
