{"working_dir":null,"default_chunk_options":{"echo":true,"root.dir":"../"},"chunk_definitions":[{"row":3,"row_count":1,"visible":true,"expansion_state":0,"options":{"include":false,"engine":"r","label":"setup","warning":false,"message":false},"document_id":"4378E1B9","chunk_id":"csetup_chunk","chunk_label":"setup"},{"row":11,"row_count":1,"visible":true,"expansion_state":0,"options":{"include":false,"engine":"r","label":"setup2","warning":false,"message":false},"document_id":"4378E1B9","chunk_id":"cb367le4l6zww","chunk_label":"setup2"}],"doc_write_time":1626899887}